nodename, config, paramname, value
ECLDSP,debug:v0001:1, THREAD_AF, 0xD
ECLDSP,debug:v0001:1, TRBUF, 0xc8
ECLDSP,debug:v0001:1, UTHREAD_AF, 0xc0
ECLDSP,debug:v0001:1, SHAPER_PROC_MASK, 0xffff
ECLDSP,debug:v0001:1, SHAPER_PROC_NUM, 0x10
ECLDSP,debug:v0001:1, SHAPER_ADC_MASK, 0xffff
ECLDSP,debug:v0001:1, SHAPER_ADC_NUM, 0x10
ECLDSP,debug:v0001:1, TRG2ADC_DATA_END, 0x2D
ECLDSP,debug:v0001:1, ADC1_COMP_VALUE, 0xB6
ECLDSP,debug:v0001:1, ADC2_COMP_VALUE, 0xB6
ECLDSP,debug:v0001:1, ADC3_COMP_VALUE, 0xB6
ECLDSP,debug:v0001:1, ADC4_COMP_VALUE, 0xB6
ECLDSP,debug:v0001:1, ADC5_COMP_VALUE, 0xB6
ECLDSP,debug:v0001:1, ADC6_COMP_VALUE, 0xB6
ECLDSP,debug:v0001:1, ADC7_COMP_VALUE, 0xB6
ECLDSP,debug:v0001:1, ADC8_COMP_VALUE, 0xB6
ECLDSP,debug:v0001:1, ADC9_COMP_VALUE, 0xB6
ECLDSP,debug:v0001:1, ADC10_COMP_VALUE, 0xB6
ECLDSP,debug:v0001:1, ADC11_COMP_VALUE, 0xB6
ECLDSP,debug:v0001:1, ADC12_COMP_VALUE, 0xB6
ECLDSP,debug:v0001:1, ADC13_COMP_VALUE, 0xB6
ECLDSP,debug:v0001:1, ADC14_COMP_VALUE, 0xB6
ECLDSP,debug:v0001:1, ADC15_COMP_VALUE, 0xB6
ECLDSP,debug:v0001:1, ADC16_COMP_VALUE, 0xB6
ECLDSP,debug:v0001:1, SH_RELAY, 0x0000
ECLDSP,debug:v0001:1, ADC_DATA_LEN, 0x40
ECLDSP, debug:v0001:2, THREAD_AF, 0xD
ECLDSP, debug:v0001:2, TRBUF, 0xc8
ECLDSP, debug:v0001:2, UTHREAD_AF, 0xc0
ECLDSP, debug:v0001:2, SHAPER_PROC_MASK, 0xffff
ECLDSP, debug:v0001:2, SHAPER_PROC_NUM, 0x10
ECLDSP, debug:v0001:2, SHAPER_ADC_MASK, 0xffff
ECLDSP, debug:v0001:2, SHAPER_ADC_NUM, 0x10
ECLDSP, debug:v0001:2, TRG2ADC_DATA_END, 0x2D
ECLDSP, debug:v0001:2, ADC1_COMP_VALUE, 0xB6
ECLDSP, debug:v0001:2, ADC2_COMP_VALUE, 0xB6
ECLDSP, debug:v0001:2, ADC3_COMP_VALUE, 0xB6
ECLDSP, debug:v0001:2, ADC4_COMP_VALUE, 0xB6
ECLDSP, debug:v0001:2, ADC5_COMP_VALUE, 0xB6
ECLDSP, debug:v0001:2, ADC6_COMP_VALUE, 0xB6
ECLDSP, debug:v0001:2, ADC7_COMP_VALUE, 0xB6
ECLDSP, debug:v0001:2, ADC8_COMP_VALUE, 0xB6
ECLDSP, debug:v0001:2, ADC9_COMP_VALUE, 0xB6
ECLDSP, debug:v0001:2, ADC10_COMP_VALUE, 0xB6
ECLDSP, debug:v0001:2, ADC11_COMP_VALUE, 0xB6
ECLDSP, debug:v0001:2, ADC12_COMP_VALUE, 0xB6
ECLDSP, debug:v0001:2, ADC13_COMP_VALUE, 0xB6
ECLDSP, debug:v0001:2, ADC14_COMP_VALUE, 0xB6
ECLDSP, debug:v0001:2, ADC15_COMP_VALUE, 0xB6
ECLDSP, debug:v0001:2, ADC16_COMP_VALUE, 0xB6
ECLDSP, debug:v0001:2, SH_RELAY, 0x0000
ECLDSP, debug:v0001:2, ADC_DATA_LEN, 0x40
ECLDSP, debug:v0001:3, THREAD_AF, 0xD
ECLDSP, debug:v0001:3, TRBUF, 0xc8
ECLDSP, debug:v0001:3, UTHREAD_AF, 0xc0
ECLDSP, debug:v0001:3, SHAPER_PROC_MASK, 0xffff
ECLDSP, debug:v0001:3, SHAPER_PROC_NUM, 0x10
ECLDSP, debug:v0001:3, SHAPER_ADC_MASK, 0xffff
ECLDSP, debug:v0001:3, SHAPER_ADC_NUM, 0x10
ECLDSP, debug:v0001:3, TRG2ADC_DATA_END, 0x2D
ECLDSP, debug:v0001:3, ADC1_COMP_VALUE, 0xB6
ECLDSP, debug:v0001:3, ADC2_COMP_VALUE, 0xB6
ECLDSP, debug:v0001:3, ADC3_COMP_VALUE, 0xB6
ECLDSP, debug:v0001:3, ADC4_COMP_VALUE, 0xB6
ECLDSP, debug:v0001:3, ADC5_COMP_VALUE, 0xB6
ECLDSP, debug:v0001:3, ADC6_COMP_VALUE, 0xB6
ECLDSP, debug:v0001:3, ADC7_COMP_VALUE, 0xB6
ECLDSP, debug:v0001:3, ADC8_COMP_VALUE, 0xB6
ECLDSP, debug:v0001:3, ADC9_COMP_VALUE, 0xB6
ECLDSP, debug:v0001:3, ADC10_COMP_VALUE, 0xB6
ECLDSP, debug:v0001:3, ADC11_COMP_VALUE, 0xB6
ECLDSP, debug:v0001:3, ADC12_COMP_VALUE, 0xB6
ECLDSP, debug:v0001:3, ADC13_COMP_VALUE, 0xB6
ECLDSP, debug:v0001:3, ADC14_COMP_VALUE, 0xB6
ECLDSP, debug:v0001:3, ADC15_COMP_VALUE, 0xB6
ECLDSP, debug:v0001:3, ADC16_COMP_VALUE, 0xB6
ECLDSP, debug:v0001:3, SH_RELAY, 0x0000
ECLDSP, debug:v0001:3, ADC_DATA_LEN, 0x40
ECLDSP, debug:v0001:4, THREAD_AF, 0xD
ECLDSP, debug:v0001:4, TRBUF, 0xc8
ECLDSP, debug:v0001:4, UTHREAD_AF, 0xc0
ECLDSP, debug:v0001:4, SHAPER_PROC_MASK, 0xffff
ECLDSP, debug:v0001:4, SHAPER_PROC_NUM, 0x10
ECLDSP, debug:v0001:4, SHAPER_ADC_MASK, 0xffff
ECLDSP, debug:v0001:4, SHAPER_ADC_NUM, 0x10
ECLDSP, debug:v0001:4, TRG2ADC_DATA_END, 0x2D
ECLDSP, debug:v0001:4, ADC1_COMP_VALUE, 0xB6
ECLDSP, debug:v0001:4, ADC2_COMP_VALUE, 0xB6
ECLDSP, debug:v0001:4, ADC3_COMP_VALUE, 0xB6
ECLDSP, debug:v0001:4, ADC4_COMP_VALUE, 0xB6
ECLDSP, debug:v0001:4, ADC5_COMP_VALUE, 0xB6
ECLDSP, debug:v0001:4, ADC6_COMP_VALUE, 0xB6
ECLDSP, debug:v0001:4, ADC7_COMP_VALUE, 0xB6
ECLDSP, debug:v0001:4, ADC8_COMP_VALUE, 0xB6
ECLDSP, debug:v0001:4, ADC9_COMP_VALUE, 0xB6
ECLDSP, debug:v0001:4, ADC10_COMP_VALUE, 0xB6
ECLDSP, debug:v0001:4, ADC11_COMP_VALUE, 0xB6
ECLDSP, debug:v0001:4, ADC12_COMP_VALUE, 0xB6
ECLDSP, debug:v0001:4, ADC13_COMP_VALUE, 0xB6
ECLDSP, debug:v0001:4, ADC14_COMP_VALUE, 0xB6
ECLDSP, debug:v0001:4, ADC15_COMP_VALUE, 0xB6
ECLDSP, debug:v0001:4, ADC16_COMP_VALUE, 0xB6
ECLDSP, debug:v0001:4, SH_RELAY, 0x0000
ECLDSP, debug:v0001:4, ADC_DATA_LEN, 0x40
ECLDSP, debug:v0001:5, THREAD_AF, 0xD
ECLDSP, debug:v0001:5, TRBUF, 0xc8
ECLDSP, debug:v0001:5, UTHREAD_AF, 0xc0
ECLDSP, debug:v0001:5, SHAPER_PROC_MASK, 0xffff
ECLDSP, debug:v0001:5, SHAPER_PROC_NUM, 0x10
ECLDSP, debug:v0001:5, SHAPER_ADC_MASK, 0xffff
ECLDSP, debug:v0001:5, SHAPER_ADC_NUM, 0x10
ECLDSP, debug:v0001:5, TRG2ADC_DATA_END, 0x2D
ECLDSP, debug:v0001:5, ADC1_COMP_VALUE, 0xB6
ECLDSP, debug:v0001:5, ADC2_COMP_VALUE, 0xB6
ECLDSP, debug:v0001:5, ADC3_COMP_VALUE, 0xB6
ECLDSP, debug:v0001:5, ADC4_COMP_VALUE, 0xB6
ECLDSP, debug:v0001:5, ADC5_COMP_VALUE, 0xB6
ECLDSP, debug:v0001:5, ADC6_COMP_VALUE, 0xB6
ECLDSP, debug:v0001:5, ADC7_COMP_VALUE, 0xB6
ECLDSP, debug:v0001:5, ADC8_COMP_VALUE, 0xB6
ECLDSP, debug:v0001:5, ADC9_COMP_VALUE, 0xB6
ECLDSP, debug:v0001:5, ADC10_COMP_VALUE, 0xB6
ECLDSP, debug:v0001:5, ADC11_COMP_VALUE, 0xB6
ECLDSP, debug:v0001:5, ADC12_COMP_VALUE, 0xB6
ECLDSP, debug:v0001:5, ADC13_COMP_VALUE, 0xB6
ECLDSP, debug:v0001:5, ADC14_COMP_VALUE, 0xB6
ECLDSP, debug:v0001:5, ADC15_COMP_VALUE, 0xB6
ECLDSP, debug:v0001:5, ADC16_COMP_VALUE, 0xB6
ECLDSP, debug:v0001:5, SH_RELAY, 0x0000
ECLDSP, debug:v0001:5, ADC_DATA_LEN, 0x40
ECLDSP, debug:v0001:6, THREAD_AF, 0xD
ECLDSP, debug:v0001:6, TRBUF, 0xc8
ECLDSP, debug:v0001:6, UTHREAD_AF, 0xc0
ECLDSP, debug:v0001:6, SHAPER_PROC_MASK, 0xffff
ECLDSP, debug:v0001:6, SHAPER_PROC_NUM, 0x10
ECLDSP, debug:v0001:6, SHAPER_ADC_MASK, 0xffff
ECLDSP, debug:v0001:6, SHAPER_ADC_NUM, 0x10
ECLDSP, debug:v0001:6, TRG2ADC_DATA_END, 0x2D
ECLDSP, debug:v0001:6, ADC1_COMP_VALUE, 0xB6
ECLDSP, debug:v0001:6, ADC2_COMP_VALUE, 0xB6
ECLDSP, debug:v0001:6, ADC3_COMP_VALUE, 0xB6
ECLDSP, debug:v0001:6, ADC4_COMP_VALUE, 0xB6
ECLDSP, debug:v0001:6, ADC5_COMP_VALUE, 0xB6
ECLDSP, debug:v0001:6, ADC6_COMP_VALUE, 0xB6
ECLDSP, debug:v0001:6, ADC7_COMP_VALUE, 0xB6
ECLDSP, debug:v0001:6, ADC8_COMP_VALUE, 0xB6
ECLDSP, debug:v0001:6, ADC9_COMP_VALUE, 0xB6
ECLDSP, debug:v0001:6, ADC10_COMP_VALUE, 0xB6
ECLDSP, debug:v0001:6, ADC11_COMP_VALUE, 0xB6
ECLDSP, debug:v0001:6, ADC12_COMP_VALUE, 0xB6
ECLDSP, debug:v0001:6, ADC13_COMP_VALUE, 0xB6
ECLDSP, debug:v0001:6, ADC14_COMP_VALUE, 0xB6
ECLDSP, debug:v0001:6, ADC15_COMP_VALUE, 0xB6
ECLDSP, debug:v0001:6, ADC16_COMP_VALUE, 0xB6
ECLDSP, debug:v0001:6, SH_RELAY, 0x0000
ECLDSP, debug:v0001:6, ADC_DATA_LEN, 0x40
ECLDSP, debug:v0001:7, THREAD_AF, 0xD
ECLDSP, debug:v0001:7, TRBUF, 0xc8
ECLDSP, debug:v0001:7, UTHREAD_AF, 0xc0
ECLDSP, debug:v0001:7, SHAPER_PROC_MASK, 0xffff
ECLDSP, debug:v0001:7, SHAPER_PROC_NUM, 0x10
ECLDSP, debug:v0001:7, SHAPER_ADC_MASK, 0xffff
ECLDSP, debug:v0001:7, SHAPER_ADC_NUM, 0x10
ECLDSP, debug:v0001:7, TRG2ADC_DATA_END, 0x2D
ECLDSP, debug:v0001:7, ADC1_COMP_VALUE, 0xB6
ECLDSP, debug:v0001:7, ADC2_COMP_VALUE, 0xB6
ECLDSP, debug:v0001:7, ADC3_COMP_VALUE, 0xB6
ECLDSP, debug:v0001:7, ADC4_COMP_VALUE, 0xB6
ECLDSP, debug:v0001:7, ADC5_COMP_VALUE, 0xB6
ECLDSP, debug:v0001:7, ADC6_COMP_VALUE, 0xB6
ECLDSP, debug:v0001:7, ADC7_COMP_VALUE, 0xB6
ECLDSP, debug:v0001:7, ADC8_COMP_VALUE, 0xB6
ECLDSP, debug:v0001:7, ADC9_COMP_VALUE, 0xB6
ECLDSP, debug:v0001:7, ADC10_COMP_VALUE, 0xB6
ECLDSP, debug:v0001:7, ADC11_COMP_VALUE, 0xB6
ECLDSP, debug:v0001:7, ADC12_COMP_VALUE, 0xB6
ECLDSP, debug:v0001:7, ADC13_COMP_VALUE, 0xB6
ECLDSP, debug:v0001:7, ADC14_COMP_VALUE, 0xB6
ECLDSP, debug:v0001:7, ADC15_COMP_VALUE, 0xB6
ECLDSP, debug:v0001:7, ADC16_COMP_VALUE, 0xB6
ECLDSP, debug:v0001:7, SH_RELAY, 0x0000
ECLDSP, debug:v0001:7, ADC_DATA_LEN, 0x40
ECLDSP, debug:v0001:8, THREAD_AF, 0xD
ECLDSP, debug:v0001:8, TRBUF, 0xc8
ECLDSP, debug:v0001:8, UTHREAD_AF, 0xc0
ECLDSP, debug:v0001:8, SHAPER_PROC_MASK, 0xffff
ECLDSP, debug:v0001:8, SHAPER_PROC_NUM, 0x10
ECLDSP, debug:v0001:8, SHAPER_ADC_MASK, 0xffff
ECLDSP, debug:v0001:8, SHAPER_ADC_NUM, 0x10
ECLDSP, debug:v0001:8, TRG2ADC_DATA_END, 0x2D
ECLDSP, debug:v0001:8, ADC1_COMP_VALUE, 0xB6
ECLDSP, debug:v0001:8, ADC2_COMP_VALUE, 0xB6
ECLDSP, debug:v0001:8, ADC3_COMP_VALUE, 0xB6
ECLDSP, debug:v0001:8, ADC4_COMP_VALUE, 0xB6
ECLDSP, debug:v0001:8, ADC5_COMP_VALUE, 0xB6
ECLDSP, debug:v0001:8, ADC6_COMP_VALUE, 0xB6
ECLDSP, debug:v0001:8, ADC7_COMP_VALUE, 0xB6
ECLDSP, debug:v0001:8, ADC8_COMP_VALUE, 0xB6
ECLDSP, debug:v0001:8, ADC9_COMP_VALUE, 0xB6
ECLDSP, debug:v0001:8, ADC10_COMP_VALUE, 0xB6
ECLDSP, debug:v0001:8, ADC11_COMP_VALUE, 0xB6
ECLDSP, debug:v0001:8, ADC12_COMP_VALUE, 0xB6
ECLDSP, debug:v0001:8, ADC13_COMP_VALUE, 0xB6
ECLDSP, debug:v0001:8, ADC14_COMP_VALUE, 0xB6
ECLDSP, debug:v0001:8, ADC15_COMP_VALUE, 0xB6
ECLDSP, debug:v0001:8, ADC16_COMP_VALUE, 0xB6
ECLDSP, debug:v0001:8, SH_RELAY, 0x0000
ECLDSP, debug:v0001:8, ADC_DATA_LEN, 0x40
ECLDSP, debug:v0001:9, THREAD_AF, 0xD
ECLDSP, debug:v0001:9, TRBUF, 0xc8
ECLDSP, debug:v0001:9, UTHREAD_AF, 0xc0
ECLDSP, debug:v0001:9, SHAPER_PROC_MASK, 0xffff
ECLDSP, debug:v0001:9, SHAPER_PROC_NUM, 0x10
ECLDSP, debug:v0001:9, SHAPER_ADC_MASK, 0xffff
ECLDSP, debug:v0001:9, SHAPER_ADC_NUM, 0x10
ECLDSP, debug:v0001:9, TRG2ADC_DATA_END, 0x2D
ECLDSP, debug:v0001:9, ADC1_COMP_VALUE, 0xB6
ECLDSP, debug:v0001:9, ADC2_COMP_VALUE, 0xB6
ECLDSP, debug:v0001:9, ADC3_COMP_VALUE, 0xB6
ECLDSP, debug:v0001:9, ADC4_COMP_VALUE, 0xB6
ECLDSP, debug:v0001:9, ADC5_COMP_VALUE, 0xB6
ECLDSP, debug:v0001:9, ADC6_COMP_VALUE, 0xB6
ECLDSP, debug:v0001:9, ADC7_COMP_VALUE, 0xB6
ECLDSP, debug:v0001:9, ADC8_COMP_VALUE, 0xB6
ECLDSP, debug:v0001:9, ADC9_COMP_VALUE, 0xB6
ECLDSP, debug:v0001:9, ADC10_COMP_VALUE, 0xB6
ECLDSP, debug:v0001:9, ADC11_COMP_VALUE, 0xB6
ECLDSP, debug:v0001:9, ADC12_COMP_VALUE, 0xB6
ECLDSP, debug:v0001:9, ADC13_COMP_VALUE, 0xB6
ECLDSP, debug:v0001:9, ADC14_COMP_VALUE, 0xB6
ECLDSP, debug:v0001:9, ADC15_COMP_VALUE, 0xB6
ECLDSP, debug:v0001:9, ADC16_COMP_VALUE, 0xB6
ECLDSP, debug:v0001:9, SH_RELAY, 0x0000
ECLDSP, debug:v0001:9, ADC_DATA_LEN, 0x40
ECLDSP, debug:v0001:10, THREAD_AF, 0xD
ECLDSP, debug:v0001:10, TRBUF, 0xc8
ECLDSP, debug:v0001:10, UTHREAD_AF, 0xc0
ECLDSP, debug:v0001:10, SHAPER_PROC_MASK, 0xffff
ECLDSP, debug:v0001:10, SHAPER_PROC_NUM, 0x10
ECLDSP, debug:v0001:10, SHAPER_ADC_MASK, 0xffff
ECLDSP, debug:v0001:10, SHAPER_ADC_NUM, 0x10
ECLDSP, debug:v0001:10, TRG2ADC_DATA_END, 0x2D
ECLDSP, debug:v0001:10, ADC1_COMP_VALUE, 0xB6
ECLDSP, debug:v0001:10, ADC2_COMP_VALUE, 0xB6
ECLDSP, debug:v0001:10, ADC3_COMP_VALUE, 0xB6
ECLDSP, debug:v0001:10, ADC4_COMP_VALUE, 0xB6
ECLDSP, debug:v0001:10, ADC5_COMP_VALUE, 0xB6
ECLDSP, debug:v0001:10, ADC6_COMP_VALUE, 0xB6
ECLDSP, debug:v0001:10, ADC7_COMP_VALUE, 0xB6
ECLDSP, debug:v0001:10, ADC8_COMP_VALUE, 0xB6
ECLDSP, debug:v0001:10, ADC9_COMP_VALUE, 0xB6
ECLDSP, debug:v0001:10, ADC10_COMP_VALUE, 0xB6
ECLDSP, debug:v0001:10, ADC11_COMP_VALUE, 0xB6
ECLDSP, debug:v0001:10, ADC12_COMP_VALUE, 0xB6
ECLDSP, debug:v0001:10, ADC13_COMP_VALUE, 0xB6
ECLDSP, debug:v0001:10, ADC14_COMP_VALUE, 0xB6
ECLDSP, debug:v0001:10, ADC15_COMP_VALUE, 0xB6
ECLDSP, debug:v0001:10, ADC16_COMP_VALUE, 0xB6
ECLDSP, debug:v0001:10, SH_RELAY, 0x0000
ECLDSP, debug:v0001:10, ADC_DATA_LEN, 0x40
ECLDSP, debug:v0001:54, THREAD_AF, 0xD
ECLDSP, debug:v0001:54, TRBUF, 0xc8
ECLDSP, debug:v0001:54, UTHREAD_AF, 0xc0
ECLDSP, debug:v0001:54, SHAPER_PROC_MASK, 0xffff
ECLDSP, debug:v0001:54, SHAPER_PROC_NUM, 0x10
ECLDSP, debug:v0001:54, SHAPER_ADC_MASK, 0xffff
ECLDSP, debug:v0001:54, SHAPER_ADC_NUM, 0x10
ECLDSP, debug:v0001:54, TRG2ADC_DATA_END, 0x2D
ECLDSP, debug:v0001:54, ADC1_COMP_VALUE, 0xB6
ECLDSP, debug:v0001:54, ADC2_COMP_VALUE, 0xB6
ECLDSP, debug:v0001:54, ADC3_COMP_VALUE, 0xB6
ECLDSP, debug:v0001:54, ADC4_COMP_VALUE, 0xB6
ECLDSP, debug:v0001:54, ADC5_COMP_VALUE, 0xB6
ECLDSP, debug:v0001:54, ADC6_COMP_VALUE, 0xB6
ECLDSP, debug:v0001:54, ADC7_COMP_VALUE, 0xB6
ECLDSP, debug:v0001:54, ADC8_COMP_VALUE, 0xB6
ECLDSP, debug:v0001:54, ADC9_COMP_VALUE, 0xB6
ECLDSP, debug:v0001:54, ADC10_COMP_VALUE, 0xB6
ECLDSP, debug:v0001:54, ADC11_COMP_VALUE, 0xB6
ECLDSP, debug:v0001:54, ADC12_COMP_VALUE, 0xB6
ECLDSP, debug:v0001:54, ADC13_COMP_VALUE, 0xB6
ECLDSP, debug:v0001:54, ADC14_COMP_VALUE, 0xB6
ECLDSP, debug:v0001:54, ADC15_COMP_VALUE, 0xB6
ECLDSP, debug:v0001:54, ADC16_COMP_VALUE, 0xB6
ECLDSP, debug:v0001:54, SH_RELAY, 0x0000
ECLDSP, debug:v0001:54, ADC_DATA_LEN, 0x40
ECLDSP, debug:v0001:12, THREAD_AF, 0xD
ECLDSP, debug:v0001:12, TRBUF, 0xc8
ECLDSP, debug:v0001:12, UTHREAD_AF, 0xc0
ECLDSP, debug:v0001:12, SHAPER_PROC_MASK, 0xffff
ECLDSP, debug:v0001:12, SHAPER_PROC_NUM, 0x10
ECLDSP, debug:v0001:12, SHAPER_ADC_MASK, 0xffff
ECLDSP, debug:v0001:12, SHAPER_ADC_NUM, 0x10
ECLDSP, debug:v0001:12, TRG2ADC_DATA_END, 0x2D
ECLDSP, debug:v0001:12, ADC1_COMP_VALUE, 0xB6
ECLDSP, debug:v0001:12, ADC2_COMP_VALUE, 0xB6
ECLDSP, debug:v0001:12, ADC3_COMP_VALUE, 0xB6
ECLDSP, debug:v0001:12, ADC4_COMP_VALUE, 0xB6
ECLDSP, debug:v0001:12, ADC5_COMP_VALUE, 0xB6
ECLDSP, debug:v0001:12, ADC6_COMP_VALUE, 0xB6
ECLDSP, debug:v0001:12, ADC7_COMP_VALUE, 0xB6
ECLDSP, debug:v0001:12, ADC8_COMP_VALUE, 0xB6
ECLDSP, debug:v0001:12, ADC9_COMP_VALUE, 0xB6
ECLDSP, debug:v0001:12, ADC10_COMP_VALUE, 0xB6
ECLDSP, debug:v0001:12, ADC11_COMP_VALUE, 0xB6
ECLDSP, debug:v0001:12, ADC12_COMP_VALUE, 0xB6
ECLDSP, debug:v0001:12, ADC13_COMP_VALUE, 0xB6
ECLDSP, debug:v0001:12, ADC14_COMP_VALUE, 0xB6
ECLDSP, debug:v0001:12, ADC15_COMP_VALUE, 0xB6
ECLDSP, debug:v0001:12, ADC16_COMP_VALUE, 0xB6
ECLDSP, debug:v0001:12, SH_RELAY, 0x0000
ECLDSP, debug:v0001:12, ADC_DATA_LEN, 0x40
ECLDSP, debug:v0001:13, THREAD_AF, 0xD
ECLDSP, debug:v0001:13, TRBUF, 0xc8
ECLDSP, debug:v0001:13, UTHREAD_AF, 0xc0
ECLDSP, debug:v0001:13, SHAPER_PROC_MASK, 0xffff
ECLDSP, debug:v0001:13, SHAPER_PROC_NUM, 0x10
ECLDSP, debug:v0001:13, SHAPER_ADC_MASK, 0xffff
ECLDSP, debug:v0001:13, SHAPER_ADC_NUM, 0x10
ECLDSP, debug:v0001:13, TRG2ADC_DATA_END, 0x2D
ECLDSP, debug:v0001:13, ADC1_COMP_VALUE, 0xB6
ECLDSP, debug:v0001:13, ADC2_COMP_VALUE, 0xB6
ECLDSP, debug:v0001:13, ADC3_COMP_VALUE, 0xB6
ECLDSP, debug:v0001:13, ADC4_COMP_VALUE, 0xB6
ECLDSP, debug:v0001:13, ADC5_COMP_VALUE, 0xB6
ECLDSP, debug:v0001:13, ADC6_COMP_VALUE, 0xB6
ECLDSP, debug:v0001:13, ADC7_COMP_VALUE, 0xB6
ECLDSP, debug:v0001:13, ADC8_COMP_VALUE, 0xB6
ECLDSP, debug:v0001:13, ADC9_COMP_VALUE, 0xB6
ECLDSP, debug:v0001:13, ADC10_COMP_VALUE, 0xB6
ECLDSP, debug:v0001:13, ADC11_COMP_VALUE, 0xB6
ECLDSP, debug:v0001:13, ADC12_COMP_VALUE, 0xB6
ECLDSP, debug:v0001:13, ADC13_COMP_VALUE, 0xB6
ECLDSP, debug:v0001:13, ADC14_COMP_VALUE, 0xB6
ECLDSP, debug:v0001:13, ADC15_COMP_VALUE, 0xB6
ECLDSP, debug:v0001:13, ADC16_COMP_VALUE, 0xB6
ECLDSP, debug:v0001:13, SH_RELAY, 0x0000
ECLDSP, debug:v0001:13, ADC_DATA_LEN, 0x40
ECLDSP, debug:v0001:14, THREAD_AF, 0xD
ECLDSP, debug:v0001:14, TRBUF, 0xc8
ECLDSP, debug:v0001:14, UTHREAD_AF, 0xc0
ECLDSP, debug:v0001:14, SHAPER_PROC_MASK, 0xffff
ECLDSP, debug:v0001:14, SHAPER_PROC_NUM, 0x10
ECLDSP, debug:v0001:14, SHAPER_ADC_MASK, 0xffff
ECLDSP, debug:v0001:14, SHAPER_ADC_NUM, 0x10
ECLDSP, debug:v0001:14, TRG2ADC_DATA_END, 0x2D
ECLDSP, debug:v0001:14, ADC1_COMP_VALUE, 0xB6
ECLDSP, debug:v0001:14, ADC2_COMP_VALUE, 0xB6
ECLDSP, debug:v0001:14, ADC3_COMP_VALUE, 0xB6
ECLDSP, debug:v0001:14, ADC4_COMP_VALUE, 0xB6
ECLDSP, debug:v0001:14, ADC5_COMP_VALUE, 0xB6
ECLDSP, debug:v0001:14, ADC6_COMP_VALUE, 0xB6
ECLDSP, debug:v0001:14, ADC7_COMP_VALUE, 0xB6
ECLDSP, debug:v0001:14, ADC8_COMP_VALUE, 0xB6
ECLDSP, debug:v0001:14, ADC9_COMP_VALUE, 0xB6
ECLDSP, debug:v0001:14, ADC10_COMP_VALUE, 0xB6
ECLDSP, debug:v0001:14, ADC11_COMP_VALUE, 0xB6
ECLDSP, debug:v0001:14, ADC12_COMP_VALUE, 0xB6
ECLDSP, debug:v0001:14, ADC13_COMP_VALUE, 0xB6
ECLDSP, debug:v0001:14, ADC14_COMP_VALUE, 0xB6
ECLDSP, debug:v0001:14, ADC15_COMP_VALUE, 0xB6
ECLDSP, debug:v0001:14, ADC16_COMP_VALUE, 0xB6
ECLDSP, debug:v0001:14, SH_RELAY, 0x0000
ECLDSP, debug:v0001:14, ADC_DATA_LEN, 0x40
ECLDSP, debug:v0001:15, THREAD_AF, 0xD
ECLDSP, debug:v0001:15, TRBUF, 0xc8
ECLDSP, debug:v0001:15, UTHREAD_AF, 0xc0
ECLDSP, debug:v0001:15, SHAPER_PROC_MASK, 0xffff
ECLDSP, debug:v0001:15, SHAPER_PROC_NUM, 0x10
ECLDSP, debug:v0001:15, SHAPER_ADC_MASK, 0xffff
ECLDSP, debug:v0001:15, SHAPER_ADC_NUM, 0x10
ECLDSP, debug:v0001:15, TRG2ADC_DATA_END, 0x2D
ECLDSP, debug:v0001:15, ADC1_COMP_VALUE, 0xB6
ECLDSP, debug:v0001:15, ADC2_COMP_VALUE, 0xB6
ECLDSP, debug:v0001:15, ADC3_COMP_VALUE, 0xB6
ECLDSP, debug:v0001:15, ADC4_COMP_VALUE, 0xB6
ECLDSP, debug:v0001:15, ADC5_COMP_VALUE, 0xB6
ECLDSP, debug:v0001:15, ADC6_COMP_VALUE, 0xB6
ECLDSP, debug:v0001:15, ADC7_COMP_VALUE, 0xB6
ECLDSP, debug:v0001:15, ADC8_COMP_VALUE, 0xB6
ECLDSP, debug:v0001:15, ADC9_COMP_VALUE, 0xB6
ECLDSP, debug:v0001:15, ADC10_COMP_VALUE, 0xB6
ECLDSP, debug:v0001:15, ADC11_COMP_VALUE, 0xB6
ECLDSP, debug:v0001:15, ADC12_COMP_VALUE, 0xB6
ECLDSP, debug:v0001:15, ADC13_COMP_VALUE, 0xB6
ECLDSP, debug:v0001:15, ADC14_COMP_VALUE, 0xB6
ECLDSP, debug:v0001:15, ADC15_COMP_VALUE, 0xB6
ECLDSP, debug:v0001:15, ADC16_COMP_VALUE, 0xB6
ECLDSP, debug:v0001:15, SH_RELAY, 0x0000
ECLDSP, debug:v0001:15, ADC_DATA_LEN, 0x40
ECLDSP, debug:v0001:16, THREAD_AF, 0xD
ECLDSP, debug:v0001:16, TRBUF, 0xc8
ECLDSP, debug:v0001:16, UTHREAD_AF, 0xc0
ECLDSP, debug:v0001:16, SHAPER_PROC_MASK, 0xffff
ECLDSP, debug:v0001:16, SHAPER_PROC_NUM, 0x10
ECLDSP, debug:v0001:16, SHAPER_ADC_MASK, 0xffff
ECLDSP, debug:v0001:16, SHAPER_ADC_NUM, 0x10
ECLDSP, debug:v0001:16, TRG2ADC_DATA_END, 0x2D
ECLDSP, debug:v0001:16, ADC1_COMP_VALUE, 0xB6
ECLDSP, debug:v0001:16, ADC2_COMP_VALUE, 0xB6
ECLDSP, debug:v0001:16, ADC3_COMP_VALUE, 0xB6
ECLDSP, debug:v0001:16, ADC4_COMP_VALUE, 0xB6
ECLDSP, debug:v0001:16, ADC5_COMP_VALUE, 0xB6
ECLDSP, debug:v0001:16, ADC6_COMP_VALUE, 0xB6
ECLDSP, debug:v0001:16, ADC7_COMP_VALUE, 0xB6
ECLDSP, debug:v0001:16, ADC8_COMP_VALUE, 0xB6
ECLDSP, debug:v0001:16, ADC9_COMP_VALUE, 0xB6
ECLDSP, debug:v0001:16, ADC10_COMP_VALUE, 0xB6
ECLDSP, debug:v0001:16, ADC11_COMP_VALUE, 0xB6
ECLDSP, debug:v0001:16, ADC12_COMP_VALUE, 0xB6
ECLDSP, debug:v0001:16, ADC13_COMP_VALUE, 0xB6
ECLDSP, debug:v0001:16, ADC14_COMP_VALUE, 0xB6
ECLDSP, debug:v0001:16, ADC15_COMP_VALUE, 0xB6
ECLDSP, debug:v0001:16, ADC16_COMP_VALUE, 0xB6
ECLDSP, debug:v0001:16, SH_RELAY, 0x0000
ECLDSP, debug:v0001:16, ADC_DATA_LEN, 0x40
ECLDSP, debug:v0001:17, THREAD_AF, 0xD
ECLDSP, debug:v0001:17, TRBUF, 0xc8
ECLDSP, debug:v0001:17, UTHREAD_AF, 0xc0
ECLDSP, debug:v0001:17, SHAPER_PROC_MASK, 0xffff
ECLDSP, debug:v0001:17, SHAPER_PROC_NUM, 0x10
ECLDSP, debug:v0001:17, SHAPER_ADC_MASK, 0xffff
ECLDSP, debug:v0001:17, SHAPER_ADC_NUM, 0x10
ECLDSP, debug:v0001:17, TRG2ADC_DATA_END, 0x2D
ECLDSP, debug:v0001:17, ADC1_COMP_VALUE, 0xB6
ECLDSP, debug:v0001:17, ADC2_COMP_VALUE, 0xB6
ECLDSP, debug:v0001:17, ADC3_COMP_VALUE, 0xB6
ECLDSP, debug:v0001:17, ADC4_COMP_VALUE, 0xB6
ECLDSP, debug:v0001:17, ADC5_COMP_VALUE, 0xB6
ECLDSP, debug:v0001:17, ADC6_COMP_VALUE, 0xB6
ECLDSP, debug:v0001:17, ADC7_COMP_VALUE, 0xB6
ECLDSP, debug:v0001:17, ADC8_COMP_VALUE, 0xB6
ECLDSP, debug:v0001:17, ADC9_COMP_VALUE, 0xB6
ECLDSP, debug:v0001:17, ADC10_COMP_VALUE, 0xB6
ECLDSP, debug:v0001:17, ADC11_COMP_VALUE, 0xB6
ECLDSP, debug:v0001:17, ADC12_COMP_VALUE, 0xB6
ECLDSP, debug:v0001:17, ADC13_COMP_VALUE, 0xB6
ECLDSP, debug:v0001:17, ADC14_COMP_VALUE, 0xB6
ECLDSP, debug:v0001:17, ADC15_COMP_VALUE, 0xB6
ECLDSP, debug:v0001:17, ADC16_COMP_VALUE, 0xB6
ECLDSP, debug:v0001:17, SH_RELAY, 0x0000
ECLDSP, debug:v0001:17, ADC_DATA_LEN, 0x40
ECLDSP, debug:v0001:18, THREAD_AF, 0xD
ECLDSP, debug:v0001:18, TRBUF, 0xc8
ECLDSP, debug:v0001:18, UTHREAD_AF, 0xc0
ECLDSP, debug:v0001:18, SHAPER_PROC_MASK, 0xffff
ECLDSP, debug:v0001:18, SHAPER_PROC_NUM, 0x10
ECLDSP, debug:v0001:18, SHAPER_ADC_MASK, 0xffff
ECLDSP, debug:v0001:18, SHAPER_ADC_NUM, 0x10
ECLDSP, debug:v0001:18, TRG2ADC_DATA_END, 0x2D
ECLDSP, debug:v0001:18, ADC1_COMP_VALUE, 0xB6
ECLDSP, debug:v0001:18, ADC2_COMP_VALUE, 0xB6
ECLDSP, debug:v0001:18, ADC3_COMP_VALUE, 0xB6
ECLDSP, debug:v0001:18, ADC4_COMP_VALUE, 0xB6
ECLDSP, debug:v0001:18, ADC5_COMP_VALUE, 0xB6
ECLDSP, debug:v0001:18, ADC6_COMP_VALUE, 0xB6
ECLDSP, debug:v0001:18, ADC7_COMP_VALUE, 0xB6
ECLDSP, debug:v0001:18, ADC8_COMP_VALUE, 0xB6
ECLDSP, debug:v0001:18, ADC9_COMP_VALUE, 0xB6
ECLDSP, debug:v0001:18, ADC10_COMP_VALUE, 0xB6
ECLDSP, debug:v0001:18, ADC11_COMP_VALUE, 0xB6
ECLDSP, debug:v0001:18, ADC12_COMP_VALUE, 0xB6
ECLDSP, debug:v0001:18, ADC13_COMP_VALUE, 0xB6
ECLDSP, debug:v0001:18, ADC14_COMP_VALUE, 0xB6
ECLDSP, debug:v0001:18, ADC15_COMP_VALUE, 0xB6
ECLDSP, debug:v0001:18, ADC16_COMP_VALUE, 0xB6
ECLDSP, debug:v0001:18, SH_RELAY, 0x0000
ECLDSP, debug:v0001:18, ADC_DATA_LEN, 0x40
ECLDSP, debug:v0001:19, THREAD_AF, 0xD
ECLDSP, debug:v0001:19, TRBUF, 0xc8
ECLDSP, debug:v0001:19, UTHREAD_AF, 0xc0
ECLDSP, debug:v0001:19, SHAPER_PROC_MASK, 0xffff
ECLDSP, debug:v0001:19, SHAPER_PROC_NUM, 0x10
ECLDSP, debug:v0001:19, SHAPER_ADC_MASK, 0xffff
ECLDSP, debug:v0001:19, SHAPER_ADC_NUM, 0x10
ECLDSP, debug:v0001:19, TRG2ADC_DATA_END, 0x2D
ECLDSP, debug:v0001:19, ADC1_COMP_VALUE, 0xB6
ECLDSP, debug:v0001:19, ADC2_COMP_VALUE, 0xB6
ECLDSP, debug:v0001:19, ADC3_COMP_VALUE, 0xB6
ECLDSP, debug:v0001:19, ADC4_COMP_VALUE, 0xB6
ECLDSP, debug:v0001:19, ADC5_COMP_VALUE, 0xB6
ECLDSP, debug:v0001:19, ADC6_COMP_VALUE, 0xB6
ECLDSP, debug:v0001:19, ADC7_COMP_VALUE, 0xB6
ECLDSP, debug:v0001:19, ADC8_COMP_VALUE, 0xB6
ECLDSP, debug:v0001:19, ADC9_COMP_VALUE, 0xB6
ECLDSP, debug:v0001:19, ADC10_COMP_VALUE, 0xB6
ECLDSP, debug:v0001:19, ADC11_COMP_VALUE, 0xB6
ECLDSP, debug:v0001:19, ADC12_COMP_VALUE, 0xB6
ECLDSP, debug:v0001:19, ADC13_COMP_VALUE, 0xB6
ECLDSP, debug:v0001:19, ADC14_COMP_VALUE, 0xB6
ECLDSP, debug:v0001:19, ADC15_COMP_VALUE, 0xB6
ECLDSP, debug:v0001:19, ADC16_COMP_VALUE, 0xB6
ECLDSP, debug:v0001:19, SH_RELAY, 0x0000
ECLDSP, debug:v0001:19, ADC_DATA_LEN, 0x40
ECLDSP, debug:v0001:20, THREAD_AF, 0xD
ECLDSP, debug:v0001:20, TRBUF, 0xc8
ECLDSP, debug:v0001:20, UTHREAD_AF, 0xc0
ECLDSP, debug:v0001:20, SHAPER_PROC_MASK, 0xffff
ECLDSP, debug:v0001:20, SHAPER_PROC_NUM, 0x10
ECLDSP, debug:v0001:20, SHAPER_ADC_MASK, 0xffff
ECLDSP, debug:v0001:20, SHAPER_ADC_NUM, 0x10
ECLDSP, debug:v0001:20, TRG2ADC_DATA_END, 0x2D
ECLDSP, debug:v0001:20, ADC1_COMP_VALUE, 0xB6
ECLDSP, debug:v0001:20, ADC2_COMP_VALUE, 0xB6
ECLDSP, debug:v0001:20, ADC3_COMP_VALUE, 0xB6
ECLDSP, debug:v0001:20, ADC4_COMP_VALUE, 0xB6
ECLDSP, debug:v0001:20, ADC5_COMP_VALUE, 0xB6
ECLDSP, debug:v0001:20, ADC6_COMP_VALUE, 0xB6
ECLDSP, debug:v0001:20, ADC7_COMP_VALUE, 0xB6
ECLDSP, debug:v0001:20, ADC8_COMP_VALUE, 0xB6
ECLDSP, debug:v0001:20, ADC9_COMP_VALUE, 0xB6
ECLDSP, debug:v0001:20, ADC10_COMP_VALUE, 0xB6
ECLDSP, debug:v0001:20, ADC11_COMP_VALUE, 0xB6
ECLDSP, debug:v0001:20, ADC12_COMP_VALUE, 0xB6
ECLDSP, debug:v0001:20, ADC13_COMP_VALUE, 0xB6
ECLDSP, debug:v0001:20, ADC14_COMP_VALUE, 0xB6
ECLDSP, debug:v0001:20, ADC15_COMP_VALUE, 0xB6
ECLDSP, debug:v0001:20, ADC16_COMP_VALUE, 0xB6
ECLDSP, debug:v0001:20, SH_RELAY, 0x0000
ECLDSP, debug:v0001:20, ADC_DATA_LEN, 0x40
ECLDSP, debug:v0001:39, THREAD_AF, 0xD
ECLDSP, debug:v0001:39, TRBUF, 0xc8
ECLDSP, debug:v0001:39, UTHREAD_AF, 0xc0
ECLDSP, debug:v0001:39, SHAPER_PROC_MASK, 0xffff
ECLDSP, debug:v0001:39, SHAPER_PROC_NUM, 0x10
ECLDSP, debug:v0001:39, SHAPER_ADC_MASK, 0xffff
ECLDSP, debug:v0001:39, SHAPER_ADC_NUM, 0x10
ECLDSP, debug:v0001:39, TRG2ADC_DATA_END, 0x2D
ECLDSP, debug:v0001:39, ADC1_COMP_VALUE, 0xB6
ECLDSP, debug:v0001:39, ADC2_COMP_VALUE, 0xB6
ECLDSP, debug:v0001:39, ADC3_COMP_VALUE, 0xB6
ECLDSP, debug:v0001:39, ADC4_COMP_VALUE, 0xB6
ECLDSP, debug:v0001:39, ADC5_COMP_VALUE, 0xB6
ECLDSP, debug:v0001:39, ADC6_COMP_VALUE, 0xB6
ECLDSP, debug:v0001:39, ADC7_COMP_VALUE, 0xB6
ECLDSP, debug:v0001:39, ADC8_COMP_VALUE, 0xB6
ECLDSP, debug:v0001:39, ADC9_COMP_VALUE, 0xB6
ECLDSP, debug:v0001:39, ADC10_COMP_VALUE, 0xB6
ECLDSP, debug:v0001:39, ADC11_COMP_VALUE, 0xB6
ECLDSP, debug:v0001:39, ADC12_COMP_VALUE, 0xB6
ECLDSP, debug:v0001:39, ADC13_COMP_VALUE, 0xB6
ECLDSP, debug:v0001:39, ADC14_COMP_VALUE, 0xB6
ECLDSP, debug:v0001:39, ADC15_COMP_VALUE, 0xB6
ECLDSP, debug:v0001:39, ADC16_COMP_VALUE, 0xB6
ECLDSP, debug:v0001:39, SH_RELAY, 0x0000
ECLDSP, debug:v0001:39, ADC_DATA_LEN, 0x40
ECLDSP, debug:v0001:22, THREAD_AF, 0xD
ECLDSP, debug:v0001:22, TRBUF, 0xc8
ECLDSP, debug:v0001:22, UTHREAD_AF, 0xc0
ECLDSP, debug:v0001:22, SHAPER_PROC_MASK, 0xffff
ECLDSP, debug:v0001:22, SHAPER_PROC_NUM, 0x10
ECLDSP, debug:v0001:22, SHAPER_ADC_MASK, 0xffff
ECLDSP, debug:v0001:22, SHAPER_ADC_NUM, 0x10
ECLDSP, debug:v0001:22, TRG2ADC_DATA_END, 0x2D
ECLDSP, debug:v0001:22, ADC1_COMP_VALUE, 0xB6
ECLDSP, debug:v0001:22, ADC2_COMP_VALUE, 0xB6
ECLDSP, debug:v0001:22, ADC3_COMP_VALUE, 0xB6
ECLDSP, debug:v0001:22, ADC4_COMP_VALUE, 0xB6
ECLDSP, debug:v0001:22, ADC5_COMP_VALUE, 0xB6
ECLDSP, debug:v0001:22, ADC6_COMP_VALUE, 0xB6
ECLDSP, debug:v0001:22, ADC7_COMP_VALUE, 0xB6
ECLDSP, debug:v0001:22, ADC8_COMP_VALUE, 0xB6
ECLDSP, debug:v0001:22, ADC9_COMP_VALUE, 0xB6
ECLDSP, debug:v0001:22, ADC10_COMP_VALUE, 0xB6
ECLDSP, debug:v0001:22, ADC11_COMP_VALUE, 0xB6
ECLDSP, debug:v0001:22, ADC12_COMP_VALUE, 0xB6
ECLDSP, debug:v0001:22, ADC13_COMP_VALUE, 0xB6
ECLDSP, debug:v0001:22, ADC14_COMP_VALUE, 0xB6
ECLDSP, debug:v0001:22, ADC15_COMP_VALUE, 0xB6
ECLDSP, debug:v0001:22, ADC16_COMP_VALUE, 0xB6
ECLDSP, debug:v0001:22, SH_RELAY, 0x0000
ECLDSP, debug:v0001:22, ADC_DATA_LEN, 0x40
ECLDSP, debug:v0001:23, THREAD_AF, 0xD
ECLDSP, debug:v0001:23, TRBUF, 0xc8
ECLDSP, debug:v0001:23, UTHREAD_AF, 0xc0
ECLDSP, debug:v0001:23, SHAPER_PROC_MASK, 0xffff
ECLDSP, debug:v0001:23, SHAPER_PROC_NUM, 0x10
ECLDSP, debug:v0001:23, SHAPER_ADC_MASK, 0xffff
ECLDSP, debug:v0001:23, SHAPER_ADC_NUM, 0x10
ECLDSP, debug:v0001:23, TRG2ADC_DATA_END, 0x2D
ECLDSP, debug:v0001:23, ADC1_COMP_VALUE, 0xB6
ECLDSP, debug:v0001:23, ADC2_COMP_VALUE, 0xB6
ECLDSP, debug:v0001:23, ADC3_COMP_VALUE, 0xB6
ECLDSP, debug:v0001:23, ADC4_COMP_VALUE, 0xB6
ECLDSP, debug:v0001:23, ADC5_COMP_VALUE, 0xB6
ECLDSP, debug:v0001:23, ADC6_COMP_VALUE, 0xB6
ECLDSP, debug:v0001:23, ADC7_COMP_VALUE, 0xB6
ECLDSP, debug:v0001:23, ADC8_COMP_VALUE, 0xB6
ECLDSP, debug:v0001:23, ADC9_COMP_VALUE, 0xB6
ECLDSP, debug:v0001:23, ADC10_COMP_VALUE, 0xB6
ECLDSP, debug:v0001:23, ADC11_COMP_VALUE, 0xB6
ECLDSP, debug:v0001:23, ADC12_COMP_VALUE, 0xB6
ECLDSP, debug:v0001:23, ADC13_COMP_VALUE, 0xB6
ECLDSP, debug:v0001:23, ADC14_COMP_VALUE, 0xB6
ECLDSP, debug:v0001:23, ADC15_COMP_VALUE, 0xB6
ECLDSP, debug:v0001:23, ADC16_COMP_VALUE, 0xB6
ECLDSP, debug:v0001:23, SH_RELAY, 0x0000
ECLDSP, debug:v0001:23, ADC_DATA_LEN, 0x40
ECLDSP, debug:v0001:24, THREAD_AF, 0xD
ECLDSP, debug:v0001:24, TRBUF, 0xc8
ECLDSP, debug:v0001:24, UTHREAD_AF, 0xc0
ECLDSP, debug:v0001:24, SHAPER_PROC_MASK, 0xffff
ECLDSP, debug:v0001:24, SHAPER_PROC_NUM, 0x10
ECLDSP, debug:v0001:24, SHAPER_ADC_MASK, 0xffff
ECLDSP, debug:v0001:24, SHAPER_ADC_NUM, 0x10
ECLDSP, debug:v0001:24, TRG2ADC_DATA_END, 0x2D
ECLDSP, debug:v0001:24, ADC1_COMP_VALUE, 0xB6
ECLDSP, debug:v0001:24, ADC2_COMP_VALUE, 0xB6
ECLDSP, debug:v0001:24, ADC3_COMP_VALUE, 0xB6
ECLDSP, debug:v0001:24, ADC4_COMP_VALUE, 0xB6
ECLDSP, debug:v0001:24, ADC5_COMP_VALUE, 0xB6
ECLDSP, debug:v0001:24, ADC6_COMP_VALUE, 0xB6
ECLDSP, debug:v0001:24, ADC7_COMP_VALUE, 0xB6
ECLDSP, debug:v0001:24, ADC8_COMP_VALUE, 0xB6
ECLDSP, debug:v0001:24, ADC9_COMP_VALUE, 0xB6
ECLDSP, debug:v0001:24, ADC10_COMP_VALUE, 0xB6
ECLDSP, debug:v0001:24, ADC11_COMP_VALUE, 0xB6
ECLDSP, debug:v0001:24, ADC12_COMP_VALUE, 0xB6
ECLDSP, debug:v0001:24, ADC13_COMP_VALUE, 0xB6
ECLDSP, debug:v0001:24, ADC14_COMP_VALUE, 0xB6
ECLDSP, debug:v0001:24, ADC15_COMP_VALUE, 0xB6
ECLDSP, debug:v0001:24, ADC16_COMP_VALUE, 0xB6
ECLDSP, debug:v0001:24, SH_RELAY, 0x0000
ECLDSP, debug:v0001:24, ADC_DATA_LEN, 0x40
ECLDSP, debug:v0001:25, THREAD_AF, 0xD
ECLDSP, debug:v0001:25, TRBUF, 0xc8
ECLDSP, debug:v0001:25, UTHREAD_AF, 0xc0
ECLDSP, debug:v0001:25, SHAPER_PROC_MASK, 0xffff
ECLDSP, debug:v0001:25, SHAPER_PROC_NUM, 0x10
ECLDSP, debug:v0001:25, SHAPER_ADC_MASK, 0xffff
ECLDSP, debug:v0001:25, SHAPER_ADC_NUM, 0x10
ECLDSP, debug:v0001:25, TRG2ADC_DATA_END, 0x2D
ECLDSP, debug:v0001:25, ADC1_COMP_VALUE, 0xB6
ECLDSP, debug:v0001:25, ADC2_COMP_VALUE, 0xB6
ECLDSP, debug:v0001:25, ADC3_COMP_VALUE, 0xB6
ECLDSP, debug:v0001:25, ADC4_COMP_VALUE, 0xB6
ECLDSP, debug:v0001:25, ADC5_COMP_VALUE, 0xB6
ECLDSP, debug:v0001:25, ADC6_COMP_VALUE, 0xB6
ECLDSP, debug:v0001:25, ADC7_COMP_VALUE, 0xB6
ECLDSP, debug:v0001:25, ADC8_COMP_VALUE, 0xB6
ECLDSP, debug:v0001:25, ADC9_COMP_VALUE, 0xB6
ECLDSP, debug:v0001:25, ADC10_COMP_VALUE, 0xB6
ECLDSP, debug:v0001:25, ADC11_COMP_VALUE, 0xB6
ECLDSP, debug:v0001:25, ADC12_COMP_VALUE, 0xB6
ECLDSP, debug:v0001:25, ADC13_COMP_VALUE, 0xB6
ECLDSP, debug:v0001:25, ADC14_COMP_VALUE, 0xB6
ECLDSP, debug:v0001:25, ADC15_COMP_VALUE, 0xB6
ECLDSP, debug:v0001:25, ADC16_COMP_VALUE, 0xB6
ECLDSP, debug:v0001:25, SH_RELAY, 0x0000
ECLDSP, debug:v0001:25, ADC_DATA_LEN, 0x40
ECLDSP, debug:v0001:26, THREAD_AF, 0xD
ECLDSP, debug:v0001:26, TRBUF, 0xc8
ECLDSP, debug:v0001:26, UTHREAD_AF, 0xc0
ECLDSP, debug:v0001:26, SHAPER_PROC_MASK, 0xffff
ECLDSP, debug:v0001:26, SHAPER_PROC_NUM, 0x10
ECLDSP, debug:v0001:26, SHAPER_ADC_MASK, 0xffff
ECLDSP, debug:v0001:26, SHAPER_ADC_NUM, 0x10
ECLDSP, debug:v0001:26, TRG2ADC_DATA_END, 0x2D
ECLDSP, debug:v0001:26, ADC1_COMP_VALUE, 0xB6
ECLDSP, debug:v0001:26, ADC2_COMP_VALUE, 0xB6
ECLDSP, debug:v0001:26, ADC3_COMP_VALUE, 0xB6
ECLDSP, debug:v0001:26, ADC4_COMP_VALUE, 0xB6
ECLDSP, debug:v0001:26, ADC5_COMP_VALUE, 0xB6
ECLDSP, debug:v0001:26, ADC6_COMP_VALUE, 0xB6
ECLDSP, debug:v0001:26, ADC7_COMP_VALUE, 0xB6
ECLDSP, debug:v0001:26, ADC8_COMP_VALUE, 0xB6
ECLDSP, debug:v0001:26, ADC9_COMP_VALUE, 0xB6
ECLDSP, debug:v0001:26, ADC10_COMP_VALUE, 0xB6
ECLDSP, debug:v0001:26, ADC11_COMP_VALUE, 0xB6
ECLDSP, debug:v0001:26, ADC12_COMP_VALUE, 0xB6
ECLDSP, debug:v0001:26, ADC13_COMP_VALUE, 0xB6
ECLDSP, debug:v0001:26, ADC14_COMP_VALUE, 0xB6
ECLDSP, debug:v0001:26, ADC15_COMP_VALUE, 0xB6
ECLDSP, debug:v0001:26, ADC16_COMP_VALUE, 0xB6
ECLDSP, debug:v0001:26, SH_RELAY, 0x0000
ECLDSP, debug:v0001:26, ADC_DATA_LEN, 0x40
ECLDSP, debug:v0001:27, THREAD_AF, 0xD
ECLDSP, debug:v0001:27, TRBUF, 0xc8
ECLDSP, debug:v0001:27, UTHREAD_AF, 0xc0
ECLDSP, debug:v0001:27, SHAPER_PROC_MASK, 0xffff
ECLDSP, debug:v0001:27, SHAPER_PROC_NUM, 0x10
ECLDSP, debug:v0001:27, SHAPER_ADC_MASK, 0xffff
ECLDSP, debug:v0001:27, SHAPER_ADC_NUM, 0x10
ECLDSP, debug:v0001:27, TRG2ADC_DATA_END, 0x2D
ECLDSP, debug:v0001:27, ADC1_COMP_VALUE, 0xB6
ECLDSP, debug:v0001:27, ADC2_COMP_VALUE, 0xB6
ECLDSP, debug:v0001:27, ADC3_COMP_VALUE, 0xB6
ECLDSP, debug:v0001:27, ADC4_COMP_VALUE, 0xB6
ECLDSP, debug:v0001:27, ADC5_COMP_VALUE, 0xB6
ECLDSP, debug:v0001:27, ADC6_COMP_VALUE, 0xB6
ECLDSP, debug:v0001:27, ADC7_COMP_VALUE, 0xB6
ECLDSP, debug:v0001:27, ADC8_COMP_VALUE, 0xB6
ECLDSP, debug:v0001:27, ADC9_COMP_VALUE, 0xB6
ECLDSP, debug:v0001:27, ADC10_COMP_VALUE, 0xB6
ECLDSP, debug:v0001:27, ADC11_COMP_VALUE, 0xB6
ECLDSP, debug:v0001:27, ADC12_COMP_VALUE, 0xB6
ECLDSP, debug:v0001:27, ADC13_COMP_VALUE, 0xB6
ECLDSP, debug:v0001:27, ADC14_COMP_VALUE, 0xB6
ECLDSP, debug:v0001:27, ADC15_COMP_VALUE, 0xB6
ECLDSP, debug:v0001:27, ADC16_COMP_VALUE, 0xB6
ECLDSP, debug:v0001:27, SH_RELAY, 0x0000
ECLDSP, debug:v0001:27, ADC_DATA_LEN, 0x40
ECLDSP, debug:v0001:28, THREAD_AF, 0xD
ECLDSP, debug:v0001:28, TRBUF, 0xc8
ECLDSP, debug:v0001:28, UTHREAD_AF, 0xc0
ECLDSP, debug:v0001:28, SHAPER_PROC_MASK, 0xffff
ECLDSP, debug:v0001:28, SHAPER_PROC_NUM, 0x10
ECLDSP, debug:v0001:28, SHAPER_ADC_MASK, 0xffff
ECLDSP, debug:v0001:28, SHAPER_ADC_NUM, 0x10
ECLDSP, debug:v0001:28, TRG2ADC_DATA_END, 0x2D
ECLDSP, debug:v0001:28, ADC1_COMP_VALUE, 0xB6
ECLDSP, debug:v0001:28, ADC2_COMP_VALUE, 0xB6
ECLDSP, debug:v0001:28, ADC3_COMP_VALUE, 0xB6
ECLDSP, debug:v0001:28, ADC4_COMP_VALUE, 0xB6
ECLDSP, debug:v0001:28, ADC5_COMP_VALUE, 0xB6
ECLDSP, debug:v0001:28, ADC6_COMP_VALUE, 0xB6
ECLDSP, debug:v0001:28, ADC7_COMP_VALUE, 0xB6
ECLDSP, debug:v0001:28, ADC8_COMP_VALUE, 0xB6
ECLDSP, debug:v0001:28, ADC9_COMP_VALUE, 0xB6
ECLDSP, debug:v0001:28, ADC10_COMP_VALUE, 0xB6
ECLDSP, debug:v0001:28, ADC11_COMP_VALUE, 0xB6
ECLDSP, debug:v0001:28, ADC12_COMP_VALUE, 0xB6
ECLDSP, debug:v0001:28, ADC13_COMP_VALUE, 0xB6
ECLDSP, debug:v0001:28, ADC14_COMP_VALUE, 0xB6
ECLDSP, debug:v0001:28, ADC15_COMP_VALUE, 0xB6
ECLDSP, debug:v0001:28, ADC16_COMP_VALUE, 0xB6
ECLDSP, debug:v0001:28, SH_RELAY, 0x0000
ECLDSP, debug:v0001:28, ADC_DATA_LEN, 0x40
ECLDSP, debug:v0001:29, THREAD_AF, 0xD
ECLDSP, debug:v0001:29, TRBUF, 0xc8
ECLDSP, debug:v0001:29, UTHREAD_AF, 0xc0
ECLDSP, debug:v0001:29, SHAPER_PROC_MASK, 0xffff
ECLDSP, debug:v0001:29, SHAPER_PROC_NUM, 0x10
ECLDSP, debug:v0001:29, SHAPER_ADC_MASK, 0xffff
ECLDSP, debug:v0001:29, SHAPER_ADC_NUM, 0x10
ECLDSP, debug:v0001:29, TRG2ADC_DATA_END, 0x2D
ECLDSP, debug:v0001:29, ADC1_COMP_VALUE, 0xB6
ECLDSP, debug:v0001:29, ADC2_COMP_VALUE, 0xB6
ECLDSP, debug:v0001:29, ADC3_COMP_VALUE, 0xB6
ECLDSP, debug:v0001:29, ADC4_COMP_VALUE, 0xB6
ECLDSP, debug:v0001:29, ADC5_COMP_VALUE, 0xB6
ECLDSP, debug:v0001:29, ADC6_COMP_VALUE, 0xB6
ECLDSP, debug:v0001:29, ADC7_COMP_VALUE, 0xB6
ECLDSP, debug:v0001:29, ADC8_COMP_VALUE, 0xB6
ECLDSP, debug:v0001:29, ADC9_COMP_VALUE, 0xB6
ECLDSP, debug:v0001:29, ADC10_COMP_VALUE, 0xB6
ECLDSP, debug:v0001:29, ADC11_COMP_VALUE, 0xB6
ECLDSP, debug:v0001:29, ADC12_COMP_VALUE, 0xB6
ECLDSP, debug:v0001:29, ADC13_COMP_VALUE, 0xB6
ECLDSP, debug:v0001:29, ADC14_COMP_VALUE, 0xB6
ECLDSP, debug:v0001:29, ADC15_COMP_VALUE, 0xB6
ECLDSP, debug:v0001:29, ADC16_COMP_VALUE, 0xB6
ECLDSP, debug:v0001:29, SH_RELAY, 0x0000
ECLDSP, debug:v0001:29, ADC_DATA_LEN, 0x40
ECLDSP, debug:v0001:30, THREAD_AF, 0xD
ECLDSP, debug:v0001:30, TRBUF, 0xc8
ECLDSP, debug:v0001:30, UTHREAD_AF, 0xc0
ECLDSP, debug:v0001:30, SHAPER_PROC_MASK, 0xffff
ECLDSP, debug:v0001:30, SHAPER_PROC_NUM, 0x10
ECLDSP, debug:v0001:30, SHAPER_ADC_MASK, 0xffff
ECLDSP, debug:v0001:30, SHAPER_ADC_NUM, 0x10
ECLDSP, debug:v0001:30, TRG2ADC_DATA_END, 0x2D
ECLDSP, debug:v0001:30, ADC1_COMP_VALUE, 0xB6
ECLDSP, debug:v0001:30, ADC2_COMP_VALUE, 0xB6
ECLDSP, debug:v0001:30, ADC3_COMP_VALUE, 0xB6
ECLDSP, debug:v0001:30, ADC4_COMP_VALUE, 0xB6
ECLDSP, debug:v0001:30, ADC5_COMP_VALUE, 0xB6
ECLDSP, debug:v0001:30, ADC6_COMP_VALUE, 0xB6
ECLDSP, debug:v0001:30, ADC7_COMP_VALUE, 0xB6
ECLDSP, debug:v0001:30, ADC8_COMP_VALUE, 0xB6
ECLDSP, debug:v0001:30, ADC9_COMP_VALUE, 0xB6
ECLDSP, debug:v0001:30, ADC10_COMP_VALUE, 0xB6
ECLDSP, debug:v0001:30, ADC11_COMP_VALUE, 0xB6
ECLDSP, debug:v0001:30, ADC12_COMP_VALUE, 0xB6
ECLDSP, debug:v0001:30, ADC13_COMP_VALUE, 0xB6
ECLDSP, debug:v0001:30, ADC14_COMP_VALUE, 0xB6
ECLDSP, debug:v0001:30, ADC15_COMP_VALUE, 0xB6
ECLDSP, debug:v0001:30, ADC16_COMP_VALUE, 0xB6
ECLDSP, debug:v0001:30, SH_RELAY, 0x0000
ECLDSP, debug:v0001:30, ADC_DATA_LEN, 0x40
ECLDSP, debug:v0001:31, THREAD_AF, 0xD
ECLDSP, debug:v0001:31, TRBUF, 0xc8
ECLDSP, debug:v0001:31, UTHREAD_AF, 0xc0
ECLDSP, debug:v0001:31, SHAPER_PROC_MASK, 0xffff
ECLDSP, debug:v0001:31, SHAPER_PROC_NUM, 0x10
ECLDSP, debug:v0001:31, SHAPER_ADC_MASK, 0xffff
ECLDSP, debug:v0001:31, SHAPER_ADC_NUM, 0x10
ECLDSP, debug:v0001:31, TRG2ADC_DATA_END, 0x2D
ECLDSP, debug:v0001:31, ADC1_COMP_VALUE, 0xB6
ECLDSP, debug:v0001:31, ADC2_COMP_VALUE, 0xB6
ECLDSP, debug:v0001:31, ADC3_COMP_VALUE, 0xB6
ECLDSP, debug:v0001:31, ADC4_COMP_VALUE, 0xB6
ECLDSP, debug:v0001:31, ADC5_COMP_VALUE, 0xB6
ECLDSP, debug:v0001:31, ADC6_COMP_VALUE, 0xB6
ECLDSP, debug:v0001:31, ADC7_COMP_VALUE, 0xB6
ECLDSP, debug:v0001:31, ADC8_COMP_VALUE, 0xB6
ECLDSP, debug:v0001:31, ADC9_COMP_VALUE, 0xB6
ECLDSP, debug:v0001:31, ADC10_COMP_VALUE, 0xB6
ECLDSP, debug:v0001:31, ADC11_COMP_VALUE, 0xB6
ECLDSP, debug:v0001:31, ADC12_COMP_VALUE, 0xB6
ECLDSP, debug:v0001:31, ADC13_COMP_VALUE, 0xB6
ECLDSP, debug:v0001:31, ADC14_COMP_VALUE, 0xB6
ECLDSP, debug:v0001:31, ADC15_COMP_VALUE, 0xB6
ECLDSP, debug:v0001:31, ADC16_COMP_VALUE, 0xB6
ECLDSP, debug:v0001:31, SH_RELAY, 0x0000
ECLDSP, debug:v0001:31, ADC_DATA_LEN, 0x40
ECLDSP, debug:v0001:32, THREAD_AF, 0xD
ECLDSP, debug:v0001:32, TRBUF, 0xc8
ECLDSP, debug:v0001:32, UTHREAD_AF, 0xc0
ECLDSP, debug:v0001:32, SHAPER_PROC_MASK, 0xffff
ECLDSP, debug:v0001:32, SHAPER_PROC_NUM, 0x10
ECLDSP, debug:v0001:32, SHAPER_ADC_MASK, 0xffff
ECLDSP, debug:v0001:32, SHAPER_ADC_NUM, 0x10
ECLDSP, debug:v0001:32, TRG2ADC_DATA_END, 0x2D
ECLDSP, debug:v0001:32, ADC1_COMP_VALUE, 0xB6
ECLDSP, debug:v0001:32, ADC2_COMP_VALUE, 0xB6
ECLDSP, debug:v0001:32, ADC3_COMP_VALUE, 0xB6
ECLDSP, debug:v0001:32, ADC4_COMP_VALUE, 0xB6
ECLDSP, debug:v0001:32, ADC5_COMP_VALUE, 0xB6
ECLDSP, debug:v0001:32, ADC6_COMP_VALUE, 0xB6
ECLDSP, debug:v0001:32, ADC7_COMP_VALUE, 0xB6
ECLDSP, debug:v0001:32, ADC8_COMP_VALUE, 0xB6
ECLDSP, debug:v0001:32, ADC9_COMP_VALUE, 0xB6
ECLDSP, debug:v0001:32, ADC10_COMP_VALUE, 0xB6
ECLDSP, debug:v0001:32, ADC11_COMP_VALUE, 0xB6
ECLDSP, debug:v0001:32, ADC12_COMP_VALUE, 0xB6
ECLDSP, debug:v0001:32, ADC13_COMP_VALUE, 0xB6
ECLDSP, debug:v0001:32, ADC14_COMP_VALUE, 0xB6
ECLDSP, debug:v0001:32, ADC15_COMP_VALUE, 0xB6
ECLDSP, debug:v0001:32, ADC16_COMP_VALUE, 0xB6
ECLDSP, debug:v0001:32, SH_RELAY, 0x0000
ECLDSP, debug:v0001:32, ADC_DATA_LEN, 0x40
ECLDSP, debug:v0001:33, THREAD_AF, 0xD
ECLDSP, debug:v0001:33, TRBUF, 0xc8
ECLDSP, debug:v0001:33, UTHREAD_AF, 0xc0
ECLDSP, debug:v0001:33, SHAPER_PROC_MASK, 0xffff
ECLDSP, debug:v0001:33, SHAPER_PROC_NUM, 0x10
ECLDSP, debug:v0001:33, SHAPER_ADC_MASK, 0xffff
ECLDSP, debug:v0001:33, SHAPER_ADC_NUM, 0x10
ECLDSP, debug:v0001:33, TRG2ADC_DATA_END, 0x2D
ECLDSP, debug:v0001:33, ADC1_COMP_VALUE, 0xB6
ECLDSP, debug:v0001:33, ADC2_COMP_VALUE, 0xB6
ECLDSP, debug:v0001:33, ADC3_COMP_VALUE, 0xB6
ECLDSP, debug:v0001:33, ADC4_COMP_VALUE, 0xB6
ECLDSP, debug:v0001:33, ADC5_COMP_VALUE, 0xB6
ECLDSP, debug:v0001:33, ADC6_COMP_VALUE, 0xB6
ECLDSP, debug:v0001:33, ADC7_COMP_VALUE, 0xB6
ECLDSP, debug:v0001:33, ADC8_COMP_VALUE, 0xB6
ECLDSP, debug:v0001:33, ADC9_COMP_VALUE, 0xB6
ECLDSP, debug:v0001:33, ADC10_COMP_VALUE, 0xB6
ECLDSP, debug:v0001:33, ADC11_COMP_VALUE, 0xB6
ECLDSP, debug:v0001:33, ADC12_COMP_VALUE, 0xB6
ECLDSP, debug:v0001:33, ADC13_COMP_VALUE, 0xB6
ECLDSP, debug:v0001:33, ADC14_COMP_VALUE, 0xB6
ECLDSP, debug:v0001:33, ADC15_COMP_VALUE, 0xB6
ECLDSP, debug:v0001:33, ADC16_COMP_VALUE, 0xB6
ECLDSP, debug:v0001:33, SH_RELAY, 0x0000
ECLDSP, debug:v0001:33, ADC_DATA_LEN, 0x40
ECLDSP, debug:v0001:34, THREAD_AF, 0xD
ECLDSP, debug:v0001:34, TRBUF, 0xc8
ECLDSP, debug:v0001:34, UTHREAD_AF, 0xc0
ECLDSP, debug:v0001:34, SHAPER_PROC_MASK, 0xffff
ECLDSP, debug:v0001:34, SHAPER_PROC_NUM, 0x10
ECLDSP, debug:v0001:34, SHAPER_ADC_MASK, 0xffff
ECLDSP, debug:v0001:34, SHAPER_ADC_NUM, 0x10
ECLDSP, debug:v0001:34, TRG2ADC_DATA_END, 0x2D
ECLDSP, debug:v0001:34, ADC1_COMP_VALUE, 0xB6
ECLDSP, debug:v0001:34, ADC2_COMP_VALUE, 0xB6
ECLDSP, debug:v0001:34, ADC3_COMP_VALUE, 0xB6
ECLDSP, debug:v0001:34, ADC4_COMP_VALUE, 0xB6
ECLDSP, debug:v0001:34, ADC5_COMP_VALUE, 0xB6
ECLDSP, debug:v0001:34, ADC6_COMP_VALUE, 0xB6
ECLDSP, debug:v0001:34, ADC7_COMP_VALUE, 0xB6
ECLDSP, debug:v0001:34, ADC8_COMP_VALUE, 0xB6
ECLDSP, debug:v0001:34, ADC9_COMP_VALUE, 0xB6
ECLDSP, debug:v0001:34, ADC10_COMP_VALUE, 0xB6
ECLDSP, debug:v0001:34, ADC11_COMP_VALUE, 0xB6
ECLDSP, debug:v0001:34, ADC12_COMP_VALUE, 0xB6
ECLDSP, debug:v0001:34, ADC13_COMP_VALUE, 0xB6
ECLDSP, debug:v0001:34, ADC14_COMP_VALUE, 0xB6
ECLDSP, debug:v0001:34, ADC15_COMP_VALUE, 0xB6
ECLDSP, debug:v0001:34, ADC16_COMP_VALUE, 0xB6
ECLDSP, debug:v0001:34, SH_RELAY, 0x0000
ECLDSP, debug:v0001:34, ADC_DATA_LEN, 0x40
ECLDSP, debug:v0001:35, THREAD_AF, 0xD
ECLDSP, debug:v0001:35, TRBUF, 0xc8
ECLDSP, debug:v0001:35, UTHREAD_AF, 0xc0
ECLDSP, debug:v0001:35, SHAPER_PROC_MASK, 0xffff
ECLDSP, debug:v0001:35, SHAPER_PROC_NUM, 0x10
ECLDSP, debug:v0001:35, SHAPER_ADC_MASK, 0xffff
ECLDSP, debug:v0001:35, SHAPER_ADC_NUM, 0x10
ECLDSP, debug:v0001:35, TRG2ADC_DATA_END, 0x2D
ECLDSP, debug:v0001:35, ADC1_COMP_VALUE, 0xB6
ECLDSP, debug:v0001:35, ADC2_COMP_VALUE, 0xB6
ECLDSP, debug:v0001:35, ADC3_COMP_VALUE, 0xB6
ECLDSP, debug:v0001:35, ADC4_COMP_VALUE, 0xB6
ECLDSP, debug:v0001:35, ADC5_COMP_VALUE, 0xB6
ECLDSP, debug:v0001:35, ADC6_COMP_VALUE, 0xB6
ECLDSP, debug:v0001:35, ADC7_COMP_VALUE, 0xB6
ECLDSP, debug:v0001:35, ADC8_COMP_VALUE, 0xB6
ECLDSP, debug:v0001:35, ADC9_COMP_VALUE, 0xB6
ECLDSP, debug:v0001:35, ADC10_COMP_VALUE, 0xB6
ECLDSP, debug:v0001:35, ADC11_COMP_VALUE, 0xB6
ECLDSP, debug:v0001:35, ADC12_COMP_VALUE, 0xB6
ECLDSP, debug:v0001:35, ADC13_COMP_VALUE, 0xB6
ECLDSP, debug:v0001:35, ADC14_COMP_VALUE, 0xB6
ECLDSP, debug:v0001:35, ADC15_COMP_VALUE, 0xB6
ECLDSP, debug:v0001:35, ADC16_COMP_VALUE, 0xB6
ECLDSP, debug:v0001:35, SH_RELAY, 0x0000
ECLDSP, debug:v0001:35, ADC_DATA_LEN, 0x40
ECLDSP, debug:v0001:36, THREAD_AF, 0xD
ECLDSP, debug:v0001:36, TRBUF, 0xc8
ECLDSP, debug:v0001:36, UTHREAD_AF, 0xc0
ECLDSP, debug:v0001:36, SHAPER_PROC_MASK, 0xffff
ECLDSP, debug:v0001:36, SHAPER_PROC_NUM, 0x10
ECLDSP, debug:v0001:36, SHAPER_ADC_MASK, 0xffff
ECLDSP, debug:v0001:36, SHAPER_ADC_NUM, 0x10
ECLDSP, debug:v0001:36, TRG2ADC_DATA_END, 0x2D
ECLDSP, debug:v0001:36, ADC1_COMP_VALUE, 0xB6
ECLDSP, debug:v0001:36, ADC2_COMP_VALUE, 0xB6
ECLDSP, debug:v0001:36, ADC3_COMP_VALUE, 0xB6
ECLDSP, debug:v0001:36, ADC4_COMP_VALUE, 0xB6
ECLDSP, debug:v0001:36, ADC5_COMP_VALUE, 0xB6
ECLDSP, debug:v0001:36, ADC6_COMP_VALUE, 0xB6
ECLDSP, debug:v0001:36, ADC7_COMP_VALUE, 0xB6
ECLDSP, debug:v0001:36, ADC8_COMP_VALUE, 0xB6
ECLDSP, debug:v0001:36, ADC9_COMP_VALUE, 0xB6
ECLDSP, debug:v0001:36, ADC10_COMP_VALUE, 0xB6
ECLDSP, debug:v0001:36, ADC11_COMP_VALUE, 0xB6
ECLDSP, debug:v0001:36, ADC12_COMP_VALUE, 0xB6
ECLDSP, debug:v0001:36, ADC13_COMP_VALUE, 0xB6
ECLDSP, debug:v0001:36, ADC14_COMP_VALUE, 0xB6
ECLDSP, debug:v0001:36, ADC15_COMP_VALUE, 0xB6
ECLDSP, debug:v0001:36, ADC16_COMP_VALUE, 0xB6
ECLDSP, debug:v0001:36, SH_RELAY, 0x0000
ECLDSP, debug:v0001:36, ADC_DATA_LEN, 0x40
